,Ticket,Open,Type,Volume,Symbol,Price,SL,TP,Close,Price.1,Swap,Commissions,Profit,Pips,Trade duration in seconds
0,93904898,2025-02-06 20:16:26,sell,0.5,BTCUSD,96449.11,96716.64,93746.67,2025-02-06 21:31:09,96381.13,0,0,27.34,67.98,4483
1,93904897,2025-02-06 13:52:46,sell,5,US30.cash,44709.1,44728.9,43827.41,2025-02-06 21:31:08,44687.74,0,0,85.89,21.36,27502
2,93904222,2025-02-06 20:58:07,sell,5,US100.cash,21648.85,21668.85,0,2025-02-06 21:16:34,21668.95,0,0,-80.79,-20.1,1107
3,93903632,2025-02-06 16:16:53,sell,5,US100.cash,21711.65,21711.25,21041.58,2025-02-06 21:05:58,21647.35,0,0,258.51,64.3,17345
4,93902997,2025-02-06 20:26:55,sell,5,ETHUSD,2706.71,2746.71,2406.71,2025-02-06 20:55:18,2696.53,0,0,40.93,10.18,1703
5,93902989,2025-02-06 16:16:53,sell,5,US100.cash,21720.35,21711.25,21041.58,2025-02-06 20:55:09,21666.25,0,0,217.5,54.1,16696
6,93902960,2025-02-06 12:59:15,sell,0.3,BTCUSD,96869.77,97169.79,92896.44,2025-02-06 20:54:34,96150.03,0,0,173.61,719.74,28519
7,93902491,2025-02-06 13:52:46,sell,1,US30.cash,44793.46,44817.55,43827.41,2025-02-06 20:48:19,44622.54,0,0,137.4,170.92,24933
8,93902241,2025-02-06 16:16:53,sell,4,US100.cash,21709.05,21696.88,21041.58,2025-02-06 20:45:39,21635.95,0,0,235.09,73.1,16126
9,93892887,2025-02-06 12:59:15,sell,0.1,BTCUSD,97441.17,98282.46,94472.39,2025-02-06 18:37:51,96955.43,0,0,39.05,485.74,20316
10,93891943,2025-02-06 12:59:15,sell,0.1,BTCUSD,97635.87,98282.46,94472.39,2025-02-06 18:22:33,96455.93,0,0,94.87,1179.94,19398
11,93891918,2025-02-06 13:52:46,sell,1,US30.cash,44826.06,44818.7,44530.06,2025-02-06 18:22:10,44750.44,0,0,60.8,75.62,16164
12,93889222,2025-02-06 16:16:53,sell,2,US100.cash,21731.35,21745.03,21459.92,2025-02-06 17:52:28,21681.85,0,0,79.6,49.5,5735
13,93889095,2025-02-06 13:52:46,sell,1,US30.cash,44836.14,44818.7,44530.06,2025-02-06 17:51:00,44744.24,0,0,73.9,91.9,14294
14,93883650,2025-02-06 13:52:46,sell,3,US30.cash,44926.86,44931.64,44530.06,2025-02-06 17:03:15,44754.64,0,0,416.07,172.22,11429
15,93883361,2025-02-06 16:16:53,sell,2,US100.cash,21731.35,21745.03,21459.92,2025-02-06 17:00:45,21674.15,0,0,92.15,57.2,2632
16,93883270,2025-02-06 12:59:15,sell,0.2,BTCUSD,98126.97,98282.46,94472.39,2025-02-06 17:00:02,97306.63,0,0,132.16,820.34,14447
17,93878086,2025-02-06 16:16:53,sell,2,US100.cash,21731.35,21745.03,0,2025-02-06 16:32:31,21688.55,0,0,68.99,42.8,938
18,93877488,2025-02-06 12:59:15,sell,0.2,BTCUSD,98784.07,98282.46,94472.39,2025-02-06 16:29:46,97627,0,0,186.53,1157.07,12631
19,93877282,2025-02-06 16:16:53,sell,4,US100.cash,21731.35,21745.03,0,2025-02-06 16:28:29,21696.15,0,0,113.44,35.2,696
20,93875333,2025-02-06 16:04:59,buy,5,US30.cash,44854.74,44829.01,0,2025-02-06 16:19:52,44828.06,0,0,-107.44,-26.68,893
21,93874371,2025-02-06 14:31:41,sell,15,US100.cash,21681.78333,21739.97,21457.35,2025-02-06 16:15:53,21740.25,0,0,-706.35,-58.47,6252
22,93874220,2025-02-06 15:00:51,sell,3,US30.cash,44948.96,45060.12,0,2025-02-06 16:15:17,44868.74,0,0,193.84,80.22,4466
23,93873658,2025-02-06 15:54:39,sell,5.2,US100.cash,21706.65,21728.71,0,2025-02-06 16:12:44,21729.05,0,0,-93.85,-22.4,1085
24,93872710,2025-02-06 15:00:51,sell,2,US30.cash,44948.96,45060.12,0,2025-02-06 16:09:27,44854.74,0,0,151.84,94.22,4116
25,93862524,2025-02-06 15:01:19,sell,10,US100.cash,21663.85,21692.06,0,2025-02-06 15:40:43,21659.75,0,0,33.02,4.1,2364
26,93855075,2025-02-06 10:20:41,sell,6,US100.cash,21672.16667,21676.34,21172.17,2025-02-06 15:00:02,21677.85,0,0,-27.54,-5.68,16761
27,93853200,2025-02-06 11:23:14,sell,2,US30.cash,45031.46,45053.42,44702.09,2025-02-06 14:46:59,44917.84,0,0,183.53,113.62,12225
28,93850262,2025-02-06 12:59:15,sell,0.1,BTCUSD,98784.07,99197.7,0,2025-02-06 14:16:46,98356.53,0,0,34.54,427.54,4651
29,93846919,2025-02-06 12:59:50,sell,2,US30.cash,44881.96,44946,44530.46,2025-02-06 13:47:03,44945.84,0,0,-103.26,-63.88,2833
30,93837654,2025-02-06 11:23:14,sell,2.1,US30.cash,45042.96,45072.74,44575.89,2025-02-06 12:22:48,44884.84,0,0,267.18,158.12,3574
31,93833387,2025-02-06 03:30:17,buy,8,DOGEUSD,0.25962,0.25095,0.2884,2025-02-06 11:39:53,0.26179,0,0,14,0.00217,29376
32,93830310,2025-02-06 10:20:59,sell,2,US30.cash,44968.96,45018.96,0,2025-02-06 11:03:34,45021.34,0,0,-84.28,-52.38,2555
33,93828153,2025-02-06 03:27:06,buy,0.1,BTCUSD,97205.93,96705.93,99005.93,2025-02-06 10:33:26,98462.07,0,0,100.99,1256.14,25580
34,93828068,2025-02-06 03:27:06,buy,0.1,BTCUSD,97205.93,96705.93,99005.93,2025-02-06 10:32:23,98462.57,0,0,101.05,1256.64,25517
35,93822966,2025-02-06 03:33:45,sell,2,US30.cash,44933.86,45003.86,44733.86,2025-02-06 09:43:13,45004.84,0,0,-114,-70.98,22168
36,93810047,2025-02-06 03:25:28,sell,2,US100.cash,21672.95,21722.95,21472.95,2025-02-06 06:28:38,21723.15,0,0,-80.39,-50.2,10990
37,93807539,2025-02-06 03:26:16,buy,3,ETHUSD,2814.24,2794.24,0,2025-02-06 04:07:50,2794.05,0,0,-48.48,-20.19,2494
38,93800193,2025-02-05 21:55:44,buy,0.2,BTCUSD,97371.03,96871.03,0,2025-02-05 22:29:03,97242.64,0,0,-20.54,-128.39,1999
39,93800120,2025-02-05 21:46:09,buy,6,US100.cash,21598.25,21640.43,0,2025-02-05 22:24:26,21668.44,0,0,336.77,70.19,2297
40,93800089,2025-02-05 21:46:09,buy,2,US100.cash,21598.25,21640.43,0,2025-02-05 22:22:35,21673.94,0,0,121.05,75.69,2186
41,93799984,2025-02-05 21:46:09,buy,2,US100.cash,21598.25,21640.43,0,2025-02-05 22:18:18,21681.94,0,0,133.84,83.69,1929
42,93798173,2025-02-05 21:11:19,sell,0.5,BTCUSD,97555.77,97666.01,94313.88,2025-02-05 21:48:06,97131.43,0,0,169.73,424.34,2207
43,93797789,2025-02-05 07:35:44,buy,0.5,BTCUSD,97129.09,97151.46,98722.54,2025-02-05 21:43:23,97256.97,0,0,51.15,127.88,50859
44,93797652,2025-02-05 21:16:10,buy,10,US100.cash,21617.45,21605.39,21698.99,2025-02-05 21:41:12,21605.35,0,0,-96.79,-12.1,1502
45,93796883,2025-02-05 19:58:10,buy,3,ETHUSD,2738.23667,2711.86,2817.7,2025-02-05 21:25:34,2771.19,0,0,79.08,32.95,5244
46,93796861,2025-02-05 20:11:16,buy,5,US100.cash,21626.35,21565,21726.35,2025-02-05 21:25:14,21634.55,0,0,32.8,8.2,4438
47,93796776,2025-02-05 07:35:44,buy,0.5,BTCUSD,98204.228,95589.07,98722.54,2025-02-05 21:23:20,97565.87,0,0,-255.31,-638.36,49656
48,93796181,2025-02-05 19:58:10,buy,2,ETHUSD,2722.77,2711.86,2817.7,2025-02-05 21:12:18,2773.14,0,0,80.59,50.37,4448
49,93796166,2025-02-05 18:23:15,buy,4,US100.cash,21605.25,21528.11,21726.05,2025-02-05 21:12:01,21608.85,0,0,11.52,3.6,10126
50,93796146,2025-02-05 20:58:32,buy,3,US30.cash,44799.44,44779.44,0,2025-02-05 21:11:47,44828.86,0,0,70.6,29.42,795
51,93794753,2025-02-05 20:11:33,buy,3,US30.cash,44821.84,44801.84,44881.84,2025-02-05 20:42:18,44799.36,0,0,-53.92,-22.48,1845
52,93793335,2025-02-05 18:23:15,buy,2.1,US100.cash,21606.05,21528.11,21726.05,2025-02-05 20:12:13,21623.45,0,0,29.21,17.4,6538
53,93793217,2025-02-05 19:55:24,sell,2,US100.cash,21589.75,21629.75,0,2025-02-05 20:10:38,21629.95,0,0,-64.26,-40.2,914
54,93792213,2025-02-05 19:39:42,buy,3,US30.cash,44763.34,44763.97,44899.01,2025-02-05 19:55:54,44763.26,0,0,-0.19,-0.08,972
55,93791548,2025-02-05 17:46:49,buy,5,US100.cash,21559.75,21506.22,21759.75,2025-02-05 19:47:42,21591.85,0,0,128.31,32.1,7253
56,93791267,2025-02-05 17:46:49,buy,5,US100.cash,21559.75,21506.22,21759.75,2025-02-05 19:43:40,21597.55,0,0,151.05,37.8,7011
57,93790193,2025-02-05 19:03:43,buy,3,US30.cash,44707.94,44642.28,44807.94,2025-02-05 19:27:39,44706.86,0,0,-2.59,-1.08,1436
58,93790118,2025-02-05 17:46:32,buy,10,US30.cash,44657.49,44581.94,44831.94,2025-02-05 19:26:28,44706.36,0,0,390.7,48.87,5996
59,93786506,2025-02-05 18:09:33,buy,5,ETHUSD,2777.28,2737.28,2837.28,2025-02-05 18:34:16,2737.17,0,0,-160.37,-40.11,1483
60,93779612,2025-02-05 17:14:44,sell,5,US100.cash,21483.73,21517.95,21259.86,2025-02-05 17:30:02,21518.55,0,0,-139.07,-34.82,918
61,93779409,2025-02-05 16:54:44,sell,5,US30.cash,44568.3,44607.07,44294.88,2025-02-05 17:28:44,44609.04,0,0,-162.72,-40.74,2040
62,93778347,2025-02-05 17:03:32,buy,3,US100.cash,21502.35,21460.77,0,2025-02-05 17:20:19,21460.55,0,0,-100.24,-41.8,1007
63,93777719,2025-02-05 16:29:42,buy,6,ETHUSD,2773.415,2741.11,0,2025-02-05 17:16:40,2740.83,0,0,-156.28,-32.59,2818
64,93777343,2025-02-05 14:28:13,buy,4,US100.cash,21448.9175,21324.25,21724.25,2025-02-05 17:13:31,21494.75,0,0,146.51,45.83,9918
65,93776372,2025-02-05 16:58:47,sell,2,US100.cash,21475.55,21505.55,21425.55,2025-02-05 17:08:44,21507.35,0,0,-50.83,-31.8,597
66,93776268,2025-02-05 17:02:22,buy,2,ETHUSD,2767.26,2752.26,2807.26,2025-02-05 17:08:16,2751.7,0,0,-24.87,-15.56,354
67,93773865,2025-02-05 16:06:23,buy,2,US100.cash,21418.85,21392.21,21638.63,2025-02-05 16:52:06,21474.25,0,0,88.51,55.4,2743
68,93773686,2025-02-05 16:05:50,buy,4,US30.cash,44448.04,44417.12,44987.41,2025-02-05 16:51:14,44553.26,0,0,336.23,105.22,2724
69,93773051,2025-02-05 16:06:23,buy,3,US100.cash,21418.85,21392.21,21638.63,2025-02-05 16:48:24,21480.85,0,0,148.61,62,2521
70,93772990,2025-02-05 16:05:50,buy,2,US30.cash,44413.44,44417.12,44987.41,2025-02-05 16:48:02,44564.86,0,0,241.97,151.42,2532
71,93771906,2025-02-05 14:28:13,buy,2,US100.cash,21424.25,21324.25,21724.25,2025-02-05 16:41:34,21475.75,0,0,82.34,51.5,8001
72,93771843,2025-02-05 16:05:50,buy,4,US30.cash,44378.84,44417.12,44987.41,2025-02-05 16:41:16,44586.36,0,0,663.47,207.52,2126
73,93771660,2025-02-05 16:06:23,buy,5,US100.cash,21418.85,21392.21,21638.63,2025-02-05 16:40:03,21486.65,0,0,270.93,67.8,2020
74,93771157,2025-02-05 16:35:02,sell,5,US100.cash,21471.15,21482.86,0,2025-02-05 16:37:33,21483.25,0,0,-48.35,-12.1,151
75,93770977,2025-02-05 14:28:13,buy,2,US100.cash,21424.25,21324.25,21724.25,2025-02-05 16:36:25,21476.35,0,0,83.27,52.1,7692
76,93768810,2025-02-05 16:25:07,sell,10,US100.cash,21442.25,21454.79,0,2025-02-05 16:25:16,21456.85,0,0,-116.71,-14.6,9
77,93763235,2025-02-05 14:32:23,buy,1.1,ETHUSD,2803.93,2763.93,2843.93,2025-02-05 16:04:15,2763.3,0,0,-35.7,-40.63,5512
78,93763060,2025-02-05 14:21:02,buy,6,US100.cash,21413.8,21401.36,21663.8,2025-02-05 16:04:02,21400.65,0,0,-63.01,-13.15,6180
79,93763061,2025-02-05 14:39:37,buy,4.3,US100.cash,21422.66395,21402.07,21572.66,2025-02-05 16:04:02,21400.65,0,0,-75.6,-22.01,5065
80,93762797,2025-02-05 15:57:53,buy,5,US30.cash,44441.84,44381.84,0,2025-02-05 16:03:44,44380.56,0,0,-244.76,-61.28,351
81,93759424,2025-02-05 15:08:01,buy,5.2,US30.cash,44562.51692,44443.05,44762.52,2025-02-05 15:57:19,44440.56,0,0,-506.7,-121.96,2958
82,93758852,2025-02-04 23:31:32,buy,2.1,ETHUSD,2728.05857,2710.72,2831.43,2025-02-05 15:55:27,2791.33,0,0,106.17,63.27,59035
83,93757970,2025-02-05 14:30:32,buy,5,US30.cash,44487.94,44448.07,44787.94,2025-02-05 15:51:56,44527.56,0,0,158.37,39.62,4884
84,93755316,2025-02-05 15:02:38,sell,0.2,BTCUSD,98364.64,98864.64,97364.64,2025-02-05 15:40:40,98904.44,0,0,-86.31,-539.8,2282
85,93751311,2025-02-05 07:35:44,buy,0.1,BTCUSD,98504.51,97485.17,99840.49,2025-02-05 15:25:00,98504.07,0,0,-0.04,-0.44,28156
86,93751269,2025-02-05 14:32:23,buy,1,ETHUSD,2803.93,2763.93,2843.93,2025-02-05 15:24:21,2804.7,0,0,0.62,0.77,3118
87,93750167,2025-02-04 23:31:32,buy,1,ETHUSD,2671.43,2710.72,2831.43,2025-02-05 15:12:49,2802.06,0,0,104.3,130.63,56477
88,93749934,2025-02-05 14:52:35,sell,5.31,US100.cash,21417.45,21428.85,0,2025-02-05 15:10:36,21429.35,0,0,-50.45,-11.9,1081
89,93749324,2025-02-05 14:03:19,sell,2,US30.cash,44494.56,44534.56,44253.39,2025-02-05 15:06:26,44534.94,0,0,-64.52,-40.38,3787
90,93749171,2025-02-05 14:32:23,buy,1.1,ETHUSD,2803.93,2763.93,2843.93,2025-02-05 15:04:59,2806.13,0,0,1.93,2.2,1956
91,93748890,2025-02-05 14:58:40,buy,5.5,US100.cash,21423.25,21408.59,21495.2,2025-02-05 15:02:44,21407.65,0,0,-68.55,-15.6,244
92,93747920,2025-02-05 07:35:44,buy,0.1,BTCUSD,97585.38,96440.49,99840.49,2025-02-05 14:51:41,98577.87,0,0,79.3,992.49,26157
93,93747877,2025-02-04 23:31:32,buy,2,ETHUSD,2671.43,2675.82,2831.43,2025-02-05 14:51:20,2813.16,0,0,226.47,141.73,55188
94,93744833,2025-02-05 14:18:28,sell,3,US30.cash,44470.46,44496,44320.46,2025-02-05 14:30:03,44496.44,0,0,-62.21,-25.98,695
95,93744531,2025-02-05 14:02:05,sell,3,US100.cash,21389.05,21429.05,21229.05,2025-02-05 14:27:36,21417.85,0,0,-68.95,-28.8,1531
96,93743837,2025-02-05 14:16:57,sell,5,US100.cash,21390.85,21410.93,21270.85,2025-02-05 14:21:18,21411.05,0,0,-80.61,-20.2,261
97,93743488,2025-02-05 07:35:44,buy,0.2,BTCUSD,97836.03,96440.49,99840.49,2025-02-05 14:19:24,98199.37,0,0,58.01,363.34,24220
98,93743466,2025-02-05 07:10:06,buy,4.2,ETHUSD,2779.29619,2729.3,2879.3,2025-02-05 14:19:10,2788.57,0,0,31.09,9.27,25744
99,93743317,2025-02-05 14:07:32,buy,3,US100.cash,21404.65,21384.65,21604.65,2025-02-05 14:18:16,21384.55,0,0,-48.13,-20.1,644
100,93742975,2025-02-05 14:07:54,buy,2,US30.cash,44501.94,44471.94,44801.94,2025-02-05 14:15:39,44471.46,0,0,-48.63,-30.48,465
101,93737443,2025-02-05 07:35:44,buy,0.09,BTCUSD,97836.03,95986.44,99389.87,2025-02-05 12:39:31,97898.17,0,0,4.46,62.14,18227
102,93734268,2025-02-04 23:31:32,buy,1.1,ETHUSD,2671.43,2675.82,2831.43,2025-02-05 11:55:09,2774.9,0,0,90.74,103.47,44617
103,93702157,2025-02-04 23:32:08,buy,0.31,BTCUSD,96973.83,95973.83,98773.83,2025-02-05 02:03:52,98774.27,0,0,447.06,1800.44,9104
104,93696654,2025-02-04 18:19:08,sell,10,US100.cash,21495.95,21604.79,21394.22,2025-02-04 22:27:05,21510.76,0,0,-118.67,-14.81,14877
105,93689073,2025-02-04 19:33:14,sell,5,US100.cash,21527.45,21556.96,0,2025-02-04 20:18:56,21556.95,0,0,-118.23,-29.5,2742
106,93688573,2025-02-04 18:20:24,sell,5.1,US30.cash,44473.46,44566.9,0,2025-02-04 20:11:06,44567.44,0,0,-383.93,-93.98,6642
107,93684706,2025-02-04 18:58:58,sell,3,US30.cash,44508.16,44549.02,0,2025-02-04 19:08:40,44495.04,0,0,31.53,13.12,582
108,93680367,2025-02-04 15:52:22,buy,0.32,BTCUSD,99856.13,97869.72,102506.19,2025-02-04 18:21:55,99044.87,0,0,-208.13,-811.26,8973
109,93680327,2025-02-04 18:04:47,buy,0.52,BTCUSD,99056.19,98556.19,0,2025-02-04 18:21:39,99014.07,0,0,-17.56,-42.12,1012
110,93680144,2025-02-04 16:25:15,buy,5.2,ETHUSD,2776.32,2745.37,0,2025-02-04 18:20:47,2815.45,0,0,163.1,39.13,6932
111,93680046,2025-02-04 16:05:55,buy,5.1,US30.cash,44427.60863,44358.33,44817.04,2025-02-04 18:19:45,44467.46,0,0,162.93,39.85,8030
112,93679460,2025-02-04 17:29:47,buy,10,US100.cash,21574.55,21501.97,0,2025-02-04 18:16:29,21498.15,0,0,-612.58,-76.4,2802
113,93678763,2025-02-04 16:38:52,buy,5,US100.cash,21562.35,21449.23,21727.47,2025-02-04 18:09:56,21526.45,0,0,-143.84,-35.9,5464
114,93678456,2025-02-04 16:53:35,buy,6.2,US30.cash,44470.49,44398.01,44646.04,2025-02-04 18:06:10,44508.16,0,0,187.08,37.67,4355
115,93678105,2025-02-04 17:14:54,buy,0.52,BTCUSD,99895.73,98927.82,0,2025-02-04 18:01:49,98904.87,0,0,-412.73,-990.86,2815
116,93675512,2025-02-04 17:21:58,buy,5.2,ETHUSD,2794.11,2774.11,0,2025-02-04 17:35:06,2774.05,0,0,-83.57,-20.06,788
117,93674908,2025-02-04 16:48:29,sell,3,US100.cash,21541.05,21572.19,21465.36,2025-02-04 17:29:34,21575.05,0,0,-81.71,-34,2465
118,93673682,2025-02-04 17:14:40,buy,10.2,ETHUSD,2803.63,2783.63,0,2025-02-04 17:18:09,2782.84,0,0,-169.92,-20.79,209
119,93673137,2025-02-04 16:53:00,buy,5.2,US100.cash,21538.95,21481.42,0,2025-02-04 17:13:48,21547.85,0,0,37.09,8.9,1248
120,93669430,2025-02-04 16:24:16,buy,5.1,US100.cash,21514.45,21514.96,21781.19,2025-02-04 16:45:28,21549.75,0,0,144.3,35.3,1272
121,93669260,2025-02-04 16:03:11,buy,0.31,BTCUSD,99669.23,97614.69,102283.57,2025-02-04 16:44:17,99011.07,0,0,-163.55,-658.16,2466
122,93669167,2025-02-04 16:31:38,buy,10,US100.cash,21535.35,21527.51,21664.12,2025-02-04 16:43:47,21550.55,0,0,121.84,15.2,729
123,93668976,2025-02-04 15:51:10,buy,5.1,US30.cash,44365.05176,44285.64,0,2025-02-04 16:42:48,44434.06,0,0,282.06,69.01,3098
124,93667797,2025-02-04 16:23:03,buy,5,ETHUSD,2762.88,2650.74,0,2025-02-04 16:37:37,2778.65,0,0,63.17,15.77,874
125,93667772,2025-02-04 11:04:43,buy,0.51,BTCUSD,98700.85941,97718.94,101824.28,2025-02-04 16:37:27,99209.37,0,0,207.75,508.51,19964
126,93667560,2025-02-04 11:14:54,buy,7.1,US100.cash,21411.93732,21373.2,21796.19,2025-02-04 16:36:11,21531.55,0,0,680.46,119.61,19277
127,93663631,2025-02-04 14:36:35,buy,5.1,ETHUSD,2817.42314,2770.43,3084.27,2025-02-04 16:16:36,2768.84,0,0,-198.88,-48.58,6001
128,93663633,2025-02-04 15:34:00,buy,5.2,ETHUSD,2828.9,2769.17,0,2025-02-04 16:16:36,2768.84,0,0,-250.68,-60.06,2556
129,93648638,2025-02-04 13:49:26,buy,5,ETHUSD,2801.14,2781.14,2908.62,2025-02-04 15:11:33,2781.3,0,0,-79.73,-19.84,4927
130,93644529,2025-02-04 11:14:54,buy,1,US100.cash,21281.05,21285.28,21462.07,2025-02-04 14:36:47,21347.15,0,0,53.23,66.1,12113
131,93644390,2025-02-04 11:15:16,buy,3.1,US30.cash,44298.85935,44300.43,44626.7,2025-02-04 14:35:28,44365.36,0,0,166.02,66.5,12012
132,93643227,2025-02-04 13:49:26,buy,5,ETHUSD,2801.14,2781.14,2903.24,2025-02-04 14:26:16,2818.36,0,0,69.35,17.22,2210
133,93642956,2025-02-04 11:14:54,buy,3,US100.cash,21281.05,21285.28,21462.07,2025-02-04 14:24:08,21353.95,0,0,176.14,72.9,11354
134,93639039,2025-02-04 11:59:16,buy,20,ETHUSD,2754.65,2748.54,3045.75,2025-02-04 13:45:25,2788.13,0,0,539.62,33.48,6369
135,93638090,2025-02-04 11:15:16,buy,2,US30.cash,44326.44,44275.97,44626.7,2025-02-04 13:32:33,44350.76,0,0,39.21,24.32,8237
136,93637616,2025-02-04 11:48:44,buy,0.31,BTCUSD,98807.03,98233.5,102365.55,2025-02-04 13:25:26,99187.77,0,0,95.17,380.74,5802
137,93637041,2025-02-04 11:09:15,buy,10,ETHUSD,2731.86,2749.97,0,2025-02-04 13:16:40,2770.38,0,0,310.61,38.52,7645
138,93635018,2025-02-04 11:15:16,buy,2,US30.cash,44326.44,44226.44,44626.7,2025-02-04 12:43:55,44298.26,0,0,-45.39,-28.18,5319
139,93602071,2025-02-03 23:22:52,buy,5,ETHUSD,2887.52,2818.32,3122.03,2025-02-04 03:46:12,2817.84,0,0,-280.51,-69.68,15800
140,93596982,2025-02-03 23:22:52,buy,5,ETHUSD,2878.76,2818.32,3122.03,2025-02-04 00:23:32,2878.84,0,0,0.32,0.08,3640
141,93591325,2025-02-03 20:49:44,sell,0.51,BTCUSD,101615.70961,103507.09,98171.37,2025-02-03 21:27:23,101783.23,0,0,-68.87,-167.52,2259
142,93589508,2025-02-03 19:52:38,sell,0.31,BTCUSD,100263.16677,101754.77,95959.35,2025-02-03 20:54:51,101759.33,0,0,-374.04,-1496.16,3733
143,93579544,2025-02-03 16:44:24,buy,5,ETHUSD,2713.94,2673.94,0,2025-02-03 18:36:09,2672.84,0,0,-165.68,-41.1,6705
144,93578863,2025-02-03 17:53:07,sell,1,US30.cash,44497.66,44497.9,0,2025-02-03 18:26:05,44500.24,0,0,-2.08,-2.58,1978
145,93578559,2025-02-03 17:50:16,sell,0.31,BTCUSD,98528.07,98733.2,0,2025-02-03 18:23:01,98736.13,0,0,-52.03,-208.06,1965
146,93577545,2025-02-03 16:46:06,sell,0.21,BTCUSD,98742.07,99742.07,94613.91,2025-02-03 18:06:29,98370.53,0,0,62.93,371.54,4823
147,93577430,2025-02-03 17:54:10,sell,3,US100.cash,21324.85,21324.03,0,2025-02-03 18:05:19,21274.35,0,0,122.21,50.5,669
148,93577414,2025-02-03 16:44:45,sell,3.1,US100.cash,21320.55,21351.53,21096.78,2025-02-03 18:05:06,21273.75,0,0,117.02,46.8,4821
149,93577379,2025-02-03 17:53:07,sell,2,US30.cash,44497.66,44497.9,0,2025-02-03 18:04:46,44380.74,0,0,188.61,116.92,699
150,93576739,2025-02-03 16:43:37,sell,3.1,US30.cash,44422.33742,44522.44,44095.11,2025-02-03 17:59:13,44405.74,0,0,41.53,16.6,4536
151,93573062,2025-02-03 16:46:06,sell,0.1,BTCUSD,98742.07,99742.07,94613.91,2025-02-03 17:23:49,98672.93,0,0,5.56,69.14,2263
152,93568666,2025-02-03 16:46:55,buy,0.31,BTCUSD,99019.03,98519.03,0,2025-02-03 16:53:27,98969.17,0,0,-12.45,-49.86,392
153,93566802,2025-02-03 15:46:10,sell,0.21,BTCUSD,95924.29,98905.35,0,2025-02-03 16:43:39,98911.63,0,0,-504.78,-2987.34,3449
154,93566220,2025-02-03 16:25:10,sell,0.31,BTCUSD,98016.87,99516.87,0,2025-02-03 16:42:07,98461.33,0,0,-111.01,-444.46,1017
155,93565084,2025-02-03 15:52:14,buy,5,US100.cash,21055.85,21042.2,0,2025-02-03 16:37:07,21244.85,0,0,761.03,189,2693
156,93564902,2025-02-03 15:52:14,buy,2.1,US100.cash,21107.18333,21042.2,0,2025-02-03 16:36:34,21253.35,0,0,247.35,146.17,2660
157,93564552,2025-02-03 15:56:06,buy,7.2,US30.cash,43896.87333,43907.12,0,2025-02-03 16:35:11,44315.16,0,0,2427.31,418.29,2345
158,93563748,2025-02-03 15:52:14,buy,3.1,US100.cash,21109.75,21042.2,0,2025-02-03 16:31:59,21228.15,0,0,295.93,118.4,2385
159,93562887,2025-02-03 15:56:06,buy,3,US30.cash,43902.54,43907.12,0,2025-02-03 16:29:27,44304.96,0,0,974.13,402.42,2001
160,93553832,2025-02-03 15:59:39,buy,10,US100.cash,21107.85,21044.16,0,2025-02-03 16:02:30,21044.15,0,0,-516.19,-63.7,171
161,93550704,2025-02-03 15:40:01,sell,3,US100.cash,21186.05,21182.82,20880.24,2025-02-03 15:51:50,21117.15,0,0,167.34,68.9,709
162,93547559,2025-02-03 15:07:15,buy,0.21,BTCUSD,94351.03,93851.03,0,2025-02-03 15:40:22,96080.93,0,0,294.07,1729.9,1987
163,93540281,2025-02-03 14:17:18,sell,3.1,US30.cash,43987.16,44052.36,0,2025-02-03 14:59:14,43928.84,0,0,146.19,58.32,2516
164,93539474,2025-02-03 14:04:26,sell,3.1,US30.cash,43923.66,44050.22,43820.32,2025-02-03 14:46:09,43940.84,0,0,-43.1,-17.18,2503
165,93538374,2025-02-03 11:59:34,sell,0.31,BTCUSD,94540.54097,96657.13,89602.3,2025-02-03 14:32:10,94600.53,0,0,-15.05,-59.99,9156
166,93538285,2025-02-03 12:16:17,sell,5.1,US30.cash,43967.30706,44075.86,43450.52,2025-02-03 14:31:12,43988.34,0,0,-86.77,-21.03,8095
167,93538062,2025-02-03 14:20:20,buy,0.31,BTCUSD,94861.83,94434.93,95816.05,2025-02-03 14:27:46,94433.37,0,0,-107.43,-428.46,446
168,93536079,2025-02-03 13:22:02,sell,3.1,ETHUSD,2621.93,2700.86,2112.43,2025-02-03 14:07:15,2587.58,0,0,86.1,34.35,2713
169,93535931,2025-02-03 11:16:43,sell,2,US100.cash,21140.45,21176.99,20913.97,2025-02-03 14:06:20,21126.15,0,0,23.12,14.3,10177
170,93535844,2025-02-03 11:59:34,sell,0.3,BTCUSD,95131.51667,96667.37,89602.3,2025-02-03 14:05:59,94955.83,0,0,42.61,175.69,7585
171,93534631,2025-02-03 11:59:34,sell,0.2,BTCUSD,95298.485,96667.37,89602.3,2025-02-03 14:00:21,94795.53,0,0,81.47,502.96,7247
172,93533933,2025-02-03 11:16:43,sell,1,US100.cash,21140.45,21176.99,20913.97,2025-02-03 13:53:57,21067.05,0,0,59.46,73.4,9434
173,93533099,2025-02-03 13:41:18,buy,2,US30.cash,43896.34,43881.47,0,2025-02-03 13:46:10,43880.66,0,0,-25.41,-15.68,292
174,93532256,2025-02-03 11:16:43,sell,2,US100.cash,21140.45,21176.99,20913.97,2025-02-03 13:38:17,21068.35,0,0,116.82,72.1,8494
175,93532114,2025-02-03 12:16:17,sell,2,US30.cash,43997.66,44075.86,43450.52,2025-02-03 13:37:33,43903.34,0,0,152.84,94.32,4876
176,93529830,2025-02-03 11:59:34,sell,0.1,BTCUSD,95667.37,96667.37,89602.3,2025-02-03 13:14:40,95255.93,0,0,33.39,411.44,4506
177,93529784,2025-02-03 11:16:43,sell,5,US100.cash,21080.85,21176.99,20913.97,2025-02-03 13:13:18,21085.35,0,0,-18.26,-4.5,6995
178,93529139,2025-02-03 11:59:34,sell,0.2,BTCUSD,95667.37,96667.37,89602.3,2025-02-03 12:59:38,95092.53,0,0,93.32,574.84,3604
179,93527949,2025-02-03 12:40:04,buy,5,US100.cash,21108.15,21100.56,0,2025-02-03 12:40:34,21100.35,0,0,-31.69,-7.8,30
180,93507454,2025-02-03 04:19:58,sell,0.52,BTCUSD,94430.47,95008.26,89820.6,2025-02-03 08:48:41,95014.83,0,0,-247.12,-584.36,16123
181,93502480,2025-02-03 01:49:47,sell,1.5,BTCUSD,94738.546,98055.39,89898.52,2025-02-03 06:48:10,93835.63,0,0,1103.4,902.92,17903
182,93502466,2025-02-03 01:54:46,sell,10,US100.cash,20929.3,21057.98,20596.93,2025-02-03 06:47:40,20922.95,0,0,51.74,6.35,17574
183,93502464,2025-02-03 01:35:12,sell,15,US30.cash,43887.69333,44104.69,43368.62,2025-02-03 06:47:31,43875.44,0,0,149.75,12.25,18739
184,93501317,2025-02-03 01:49:47,sell,0.5,BTCUSD,96512.97,98055.39,89898.52,2025-02-03 05:52:12,93346.13,0,0,1292.17,3166.84,14545
185,93499839,2025-02-03 01:35:12,sell,5,US30.cash,43996.86,44104.69,43368.62,2025-02-03 05:00:42,43920.44,0,0,311.37,76.42,12330
186,93499004,2025-02-03 01:54:46,sell,5,US100.cash,20981.39,21004.24,20596.93,2025-02-03 04:25:34,20917.95,0,0,258.81,63.44,9048
187,93496698,2025-02-03 01:54:46,sell,3,US100.cash,20988.35,21062.21,0,2025-02-03 03:22:13,20937.45,0,0,124.34,50.9,5247
188,93496691,2025-02-03 01:35:12,sell,5,US30.cash,44047.86,44311.2,43368.62,2025-02-03 03:22:01,43957.44,0,0,368.14,90.42,6409
189,93496299,2025-02-03 02:55:46,buy,0.31,BTCUSD,92016.83,88881.27,0,2025-02-03 03:13:39,93857.46,0,0,464.89,1840.63,1073
190,93495994,2025-02-03 03:07:33,buy,5,ETHUSD,2249.86,1987.55,0,2025-02-03 03:09:07,2277.79,0,0,113.79,27.93,94
191,93489696,2025-02-03 00:44:07,sell,5,US100.cash,20968.05,21218.6,0,2025-02-03 01:35:43,21007.65,0,0,-161.07,-39.6,3096
192,93469722,2025-02-02 13:06:43,buy,1,BTCUSD,99075.96,98575.96,0,2025-02-02 13:31:39,98566.84,0,0,-410.9,-509.12,1496
193,93469387,2025-02-02 11:16:45,buy,1,BTCUSD,99375.06,98375.06,0,2025-02-02 12:58:37,98870.74,0,0,-407.02,-504.32,6112
194,93465204,2025-02-01 23:15:35,buy,2,BTCUSD,101081.26,99533.31,103890.17,2025-02-02 04:26:00,99532.84,0,0,-2499.37,-1548.42,18625
195,93465192,2025-02-02 00:10:13,buy,30,ETHUSD,3122.81,3077.88,3260.23,2025-02-02 04:25:40,3077.76,0,0,-1090.76,-45.05,15327
196,93465086,2025-02-01 23:07:48,buy,1,BTCUSD,101377.26,99501.22,105442.42,2025-02-02 04:16:10,99733.64,0,0,-1326.52,-1643.62,18502
197,93463339,2025-02-01 23:07:29,buy,30,ETHUSD,3160.74,3120.74,0,2025-02-02 00:08:41,3120.58,0,0,-972.36,-40.16,3672
198,93458370,2025-01-31 23:56:09,buy,30,ETHUSD,3285.27,3249.5,3399.28,2025-02-01 06:20:26,3294.97,0,0,234.86,9.7,23057
199,93458371,2025-01-31 23:57:23,buy,1,BTCUSD,102124.26,101124.26,104604.9,2025-02-01 06:20:26,102370.64,0,0,198.85,246.38,22983
200,93456372,2025-01-31 20:02:53,buy,15,US30.cash,44554.67333,44404.16,44910.21,2025-01-31 22:37:22,44521.46,0,0,-401.93,-33.21,9269
201,93456371,2025-01-31 20:01:21,buy,0.51,BTCUSD,102548.65353,101273.83,0,2025-01-31 22:37:22,101723.64,0,0,-339.45,-825.01,9361
202,93456373,2025-01-31 20:09:14,buy,15,US100.cash,21553.78333,21366.63,21798.45,2025-01-31 22:37:22,21440.94,0,0,-1365.58,-112.84,8888
203,93452969,2025-01-31 20:12:38,buy,15,ETHUSD,3325.43667,3301.07,0,2025-01-31 21:22:07,3301.03,0,0,-295.36,-24.41,4169
204,93449822,2025-01-31 20:02:53,buy,5,US30.cash,44607.24,44435.74,44910.21,2025-01-31 20:36:24,44652.16,0,0,181.17,44.92,2011
205,93448115,2025-01-31 20:01:38,buy,3,US30.cash,44664.24,44525.35,0,2025-01-31 20:08:17,44524.16,0,0,-339.14,-140.08,399
206,93447726,2025-01-31 20:01:52,buy,5,US100.cash,21650.75,21583.95,0,2025-01-31 20:06:20,21581.35,0,0,-280.07,-69.4,268
207,93447297,2025-01-31 20:02:38,buy,10,US100.cash,21647.15,21627.15,0,2025-01-31 20:03:01,21626.65,0,0,-165.42,-20.5,23
208,93447121,2025-01-31 12:22:26,sell,5,ETHUSD,3329.73,3441.28,3090.52,2025-01-31 20:01:03,3319.12,0,0,42.79,10.61,27517
209,93444881,2025-01-31 12:22:26,sell,10,ETHUSD,3315.32,3441.28,3090.52,2025-01-31 19:39:38,3323.16,0,0,-63.22,-7.84,26232
210,93442840,2025-01-31 15:31:04,sell,10,US30.cash,44997.16,44834.27,44580.14,2025-01-31 19:32:32,44708.24,0,0,2329.25,288.92,14488
211,93441536,2025-01-31 15:43:14,sell,20,US30.cash,44915.91,44830.17,44645.99,2025-01-31 19:27:12,44735.24,0,0,2910.61,180.67,13438
212,93420418,2025-01-31 09:53:25,sell,28.8,US100.cash,21735.05833,21816.58,20738.56,2025-01-31 16:36:14,21816.65,0,0,-1892.83,-81.59,24169
213,93417699,2025-01-31 12:35:43,sell,0.3,BTCUSD,104579.77,105009.21,0,2025-01-31 16:23:23,105045.77,0,0,-112.72,-466,13660
214,93410310,2025-01-31 02:47:58,sell,16.2,US100.cash,21693.63951,21762.84,20979.24,2025-01-31 16:00:47,21762.85,0,0,-904.78,-69.21,47569
215,93408286,2025-01-31 15:45:22,sell,10,US100.cash,21697.05,21741.3,0,2025-01-31 15:54:30,21742.35,0,0,-365.22,-45.3,548
216,93406501,2025-01-31 14:54:49,buy,3,ETHUSD,3362,3315.72,0,2025-01-31 15:47:08,3346.83,0,0,-36.7,-15.17,3139
217,93404138,2025-01-31 15:31:51,sell,10,US30.cash,44946.66,44996.66,0,2025-01-31 15:37:21,44996.74,0,0,-403.98,-50.08,330
218,93402548,2025-01-31 15:10:51,buy,10,US100.cash,21646.75,21628.29,0,2025-01-31 15:33:16,21701.45,0,0,441.54,54.7,1345
219,93401985,2025-01-31 14:32:52,sell,10.3,US100.cash,21659.75,21710.3,21395.96,2025-01-31 15:31:48,21711.65,0,0,-431.28,-51.9,3536
220,93401891,2025-01-31 14:50:31,sell,5,US100.cash,21686.65,21705.26,21305.16,2025-01-31 15:31:43,21705.85,0,0,-77.45,-19.2,2472
221,93401135,2025-01-31 15:14:26,sell,5.4,US30.cash,44962.86,45032.86,0,2025-01-31 15:30:04,45034.74,0,0,-313.1,-71.88,938
222,93401127,2025-01-31 09:36:12,sell,7.1,US30.cash,45027.08254,45026.46,43980.77,2025-01-31 15:30:03,45032.24,0,0,-29.54,-5.16,21231
223,93401098,2025-01-31 14:33:22,sell,5,US30.cash,45016.86,45018.66,0,2025-01-31 15:30:02,45019.14,0,0,-9.2,-2.28,3400
224,93401091,2025-01-31 14:53:19,sell,5,US30.cash,45010.86,45013.57,0,2025-01-31 15:30:02,45019.14,0,0,-33.39,-8.28,2203
225,93399652,2025-01-31 14:54:49,buy,5,ETHUSD,3355.72,3315.72,0,2025-01-31 15:14:47,3356.06,0,0,1.37,0.34,1198
226,93393945,2025-01-31 12:45:44,sell,10.3,US100.cash,21679.75,21719.75,21529.75,2025-01-31 14:12:58,21668.45,0,0,93.65,11.3,5234
227,93393928,2025-01-31 11:05:55,sell,3.2,US30.cash,45022.58188,45092.66,0,2025-01-31 14:12:47,45021.14,0,0,3.71,1.44,11212
228,93375324,2025-01-31 02:13:06,sell,0.51,BTCUSD,104435.97392,105694.17,0,2025-01-31 09:46:10,104177.13,0,0,106.31,258.84,27184
229,93360935,2025-01-31 00:15:06,sell,8.1,US100.cash,21585.00185,21631.15,21340.05,2025-01-31 02:45:34,21635.85,0,0,-331.61,-50.85,9028
230,93359288,2025-01-31 01:20:21,sell,0.52,BTCUSD,104376.07,104809.48,101621.68,2025-01-31 01:33:01,104821.53,0,0,-186.44,-445.46,760
231,93353889,2025-01-30 18:51:27,sell,5,ETHUSD,3259.83,3297.48,3179.32,2025-01-30 22:01:12,3232.97,0,0,107.96,26.86,11385
232,93353881,2025-01-30 19:52:15,sell,0.31,BTCUSD,105306.57,105806.57,0,2025-01-30 22:01:07,104929.36,0,0,94.01,377.21,7732
233,93348351,2025-01-30 20:14:18,buy,10,US100.cash,21502.65,21534.27,0,2025-01-30 21:30:46,21556.25,0,0,430.08,53.6,4588
234,93346522,2025-01-30 17:55:40,sell,12,US30.cash,44912.11833,44982.48,44629.25,2025-01-30 20:56:24,44983.34,0,0,-685.94,-71.22,10844
235,93346145,2025-01-30 19:21:01,sell,8.1,US100.cash,21447.62037,21517.11,0,2025-01-30 20:49:44,21517.15,0,0,-452.03,-69.53,5323
236,93345153,2025-01-30 20:15:42,buy,5,US30.cash,44975.34,44943.75,0,2025-01-30 20:30:10,44943.66,0,0,-127.18,-31.68,868
237,93344700,2025-01-30 19:55:16,sell,10.2,US100.cash,21465.25,21510.42,0,2025-01-30 20:18:14,21499.15,0,0,-277.6,-33.9,1378
238,93342590,2025-01-30 19:40:47,buy,0.51,BTCUSD,105405.83,104905.83,0,2025-01-30 19:44:29,105333.37,0,0,-29.68,-72.46,222
239,93342563,2025-01-30 19:34:39,buy,5,US30.cash,44974.74,44920.14,0,2025-01-30 19:43:58,44979.86,0,0,20.56,5.12,559
240,93341949,2025-01-30 19:34:08,sell,3.2,US100.cash,21454.85,21470.2,0,2025-01-30 19:38:13,21470.85,0,0,-41.12,-16,245
241,93340840,2025-01-30 19:21:19,buy,5,US30.cash,44908.24,44857.84,0,2025-01-30 19:29:30,44911.46,0,0,12.93,3.22,491
242,93338741,2025-01-30 19:05:06,sell,5,US100.cash,21417.55,21444.72,0,2025-01-30 19:08:34,21444.85,0,0,-109.69,-27.3,208
243,93338059,2025-01-30 17:47:48,sell,0.52,BTCUSD,105660.57,106221.21,101939.01,2025-01-30 18:59:47,105262.43,0,0,166.37,398.14,4319
244,93336455,2025-01-30 18:12:40,sell,10,US100.cash,21455.35,21505.35,0,2025-01-30 18:35:56,21409.25,0,0,370.42,46.1,1396
245,93336243,2025-01-30 17:55:08,sell,10,US100.cash,21473.85,21513.85,0,2025-01-30 18:33:31,21401.05,0,0,584.96,72.8,2303
246,93331345,2025-01-30 17:46:26,sell,10,US100.cash,21427.35,21484.71,0,2025-01-30 17:53:52,21485.15,0,0,-463.98,-57.8,446
247,93330238,2025-01-30 16:00:26,sell,20,US100.cash,21452.2,21508.86,21029.48,2025-01-30 17:43:53,21434.15,0,0,289.69,18.05,6207
248,93327455,2025-01-30 16:43:38,sell,10,US30.cash,44784.46,44929.96,0,2025-01-30 17:23:16,44755.94,0,0,228.86,28.52,2378
249,93324869,2025-01-30 16:00:26,sell,5,US100.cash,21527.35,21508.86,21029.48,2025-01-30 17:05:22,21358.35,0,0,677.89,169,3896
250,93318823,2025-01-30 15:59:40,sell,5,US30.cash,44812.06,44862.06,0,2025-01-30 16:39:33,44862.94,0,0,-204.04,-50.88,2393
251,93317706,2025-01-30 15:59:40,sell,5,US30.cash,44812.06,44862.06,0,2025-01-30 16:33:32,44774.04,0,0,152.48,38.02,2032
252,93313129,2025-01-30 15:59:15,sell,0.52,BTCUSD,105844.07,106349.41,0,2025-01-30 16:12:10,106354.73,0,0,-212.97,-510.66,775
253,93311811,2025-01-30 16:04:13,sell,10,US100.cash,21447.65,21497.65,0,2025-01-30 16:05:46,21466.85,0,0,-153.97,-19.2,93
254,93305857,2025-01-30 15:02:52,sell,10,US100.cash,21538.45,21577.12,0,2025-01-30 15:47:23,21570.55,0,0,-257.65,-32.1,2671
255,93305732,2025-01-30 15:44:58,sell,10,US100.cash,21527.15,21560.09,0,2025-01-30 15:47:06,21561.45,0,0,-275.36,-34.3,128
256,93305148,2025-01-30 15:42:53,sell,10,US30.cash,44736.06,44786.06,0,2025-01-30 15:44:59,44786.14,0,0,-401.85,-50.08,126
257,93301677,2025-01-30 14:34:31,sell,10.2,US30.cash,44654.76,44724.26,0,2025-01-30 15:32:48,44724.64,0,0,-571.95,-69.88,3497
258,93292631,2025-01-30 14:34:13,sell,20,US100.cash,21516.85,21556.85,0,2025-01-30 14:40:50,21505.45,0,0,183.33,11.4,397
259,93290464,2025-01-30 14:12:31,sell,20,US100.cash,21520.65,21549.51,0,2025-01-30 14:26:53,21509.75,0,0,175.17,10.9,862
260,93290448,2025-01-30 14:14:14,sell,20,US30.cash,44659.26,44683.59,0,2025-01-30 14:26:46,44645.94,0,0,214.07,13.32,752
261,93290447,2025-01-30 13:57:15,sell,10,US30.cash,44656.26,44703.23,0,2025-01-30 14:26:46,44645.94,0,0,82.93,10.32,1771
262,93289357,2025-01-30 10:24:14,sell,3.1,ETHUSD,3206.93,3236.93,3186.93,2025-01-30 14:14:34,3237.46,0,0,-76.12,-30.53,13820
263,93289194,2025-01-30 13:57:48,sell,20,US100.cash,21502.75,21524.48,21289.22,2025-01-30 14:11:48,21524.55,0,0,-350.63,-21.8,840
264,93285926,2025-01-30 12:43:23,sell,20,US30.cash,44752.76,44806.94,44347.17,2025-01-30 13:33:43,44680.94,0,0,1155.3,71.82,3020
265,93285900,2025-01-30 13:31:44,sell,10,US100.cash,21459.95,21471.89,0,2025-01-30 13:33:08,21472.05,0,0,-97.31,-12.1,84
266,93285721,2025-01-30 13:29:00,sell,40,US100.cash,21460.15,21480.15,0,2025-01-30 13:29:42,21466.75,0,0,-212.33,-6.6,42
267,93285595,2025-01-30 11:45:10,sell,10,US100.cash,21509.75,21590.49,21309.46,2025-01-30 13:27:21,21473.45,0,0,292.02,36.3,6131
268,93285581,2025-01-30 13:17:42,sell,40,US100.cash,21467.95,21471.55,21368.65,2025-01-30 13:27:08,21472.05,0,0,-131.93,-4.1,566
269,93276273,2025-01-30 10:21:21,buy,5.1,US100.cash,21556.95,21498.56,0,2025-01-30 11:17:40,21496.15,0,0,-249.19,-60.8,3379
270,93266373,2025-01-30 00:08:15,sell,5.2,US30.cash,44735.46,44874.57,0,2025-01-30 09:22:44,44874.64,0,0,-581.2,-139.18,33269
271,93266089,2025-01-30 00:14:41,sell,10,US100.cash,21428.35,21581.76,0,2025-01-30 09:20:27,21588.05,0,0,-1282.35,-159.7,32746
272,93265899,2025-01-30 00:05:22,sell,10,US100.cash,21419.55,21579.94,0,2025-01-30 09:19:21,21579.95,0,0,-1288.2,-160.4,33239
273,93255899,2025-01-30 00:16:03,sell,0.52,BTCUSD,103993.97,104767.47,0,2025-01-30 04:36:41,104794.63,0,0,-334.41,-800.66,15638
274,93255599,2025-01-29 23:07:41,sell,1,BTCUSD,103527.71,104697.49,98895.83,2025-01-30 04:06:34,104715.83,0,0,-954.36,-1188.12,17933
275,93250654,2025-01-29 23:44:46,sell,0.52,BTCUSD,103434.77,104065.25,100312.1,2025-01-30 00:13:34,104065.83,0,0,-263.56,-631.06,1728
276,93250056,2025-01-29 23:09:06,sell,10,ETHUSD,3125.12,3145.12,0,2025-01-29 23:22:47,3145.13,0,0,-160.7,-20.01,821
277,93249824,2025-01-29 20:41:49,sell,1.04,BTCUSD,103518.52,105378.99,0,2025-01-29 22:53:24,103941.16,0,0,-353.03,-422.64,7895
278,93249812,2025-01-29 22:02:27,sell,1,BTCUSD,104001.44,104701.44,0,2025-01-29 22:52:28,103954.16,0,0,37.98,47.28,3001
279,93249678,2025-01-29 20:25:32,sell,10,US100.cash,21289.05,21516.96,21133.54,2025-01-29 22:47:56,21449.56,0,0,-1289.29,-160.51,8544
280,93249674,2025-01-29 20:47:03,sell,10,US100.cash,21422.25,21531.28,21224.17,2025-01-29 22:47:44,21442.56,0,0,-163.14,-20.31,7241
281,93249313,2025-01-29 20:25:56,sell,10.4,US30.cash,44682.31,44902.87,44114.12,2025-01-29 22:37:50,44804.64,0,0,-1022.46,-122.33,7914
282,93246914,2025-01-29 21:23:19,sell,10,US100.cash,21428.65,21428.23,0,2025-01-29 21:53:50,21368.05,0,0,487.05,60.6,1831
283,93244851,2025-01-29 20:50:02,sell,20,ETHUSD,3130.55,3180.55,0,2025-01-29 21:27:03,3182.17,0,0,-829.14,-51.62,2221
284,93243682,2025-01-29 20:45:02,sell,10,US100.cash,21423.15,21494.88,21161.4,2025-01-29 21:18:14,21361.25,0,0,497.54,61.9,1992
285,93242231,2025-01-29 20:41:30,sell,0.52,BTCUSD,103778.88,105286.11,0,2025-01-29 21:05:34,103065.33,0,0,298.22,713.55,1444
286,93238145,2025-01-29 20:30:26,buy,5.2,US30.cash,44590.64,44538.03,44798.55,2025-01-29 20:41:33,44802.56,0,0,885.5,211.92,667
287,93237458,2025-01-29 19:58:42,sell,1,BTCUSD,102869.77,103310.42,96591.53,2025-01-29 20:40:12,103356.09,0,0,-390.76,-486.32,2490
288,93237457,2025-01-29 11:46:42,sell,1.5,BTCUSD,102442.67,103222.09,98390.57,2025-01-29 20:40:12,103356.09,0,0,-1100.9,-913.42,32010
289,93236893,2025-01-29 20:27:59,buy,10,US100.cash,21294.85,21254,0,2025-01-29 20:38:21,21352.05,0,0,459.94,57.2,622
290,93235716,2025-01-29 20:03:34,sell,20,US100.cash,21336.25,21392.33,0,2025-01-29 20:34:55,21331.55,0,0,75.62,4.7,1881
291,93231979,2025-01-29 20:04:29,sell,5.2,US30.cash,44656.06,44766.92,0,2025-01-29 20:07:04,44689.64,0,0,-140.46,-33.58,155
292,93229409,2025-01-29 10:00:16,sell,50,US100.cash,21498.19,21522.95,21254.36,2025-01-29 19:56:51,21352.25,0,0,5863.78,145.94,35795
293,93229347,2025-01-29 18:34:05,sell,20,US100.cash,21410.05,21442.29,21247.11,2025-01-29 19:55:45,21350.75,0,0,952.99,59.3,4900
294,93229346,2025-01-29 19:31:50,sell,10,US100.cash,21384.15,21425.45,21256.15,2025-01-29 19:55:43,21351.65,0,0,261.15,32.5,1433
295,93228795,2025-01-29 10:00:32,sell,20,US30.cash,44814.21,44890.3,44079.06,2025-01-29 19:43:40,44756.14,0,0,933.08,58.07,34988
296,93227149,2025-01-29 15:45:31,buy,10,US30.cash,44880.34,0,45150.1,2025-01-29 19:17:58,44768.16,0,0,-901.73,-112.18,12747
297,93226248,2025-01-29 15:45:31,buy,10,US30.cash,44859.44,0,45150.1,2025-01-29 19:07:41,44737.06,0,0,-983.77,-122.38,12130
298,93226176,2025-01-29 16:58:44,sell,10.4,US30.cash,44856.91,44755.09,44445.77,2025-01-29 19:07:06,44736.14,0,0,1009.64,120.77,7702
299,93224609,2025-01-29 19:00:11,buy,20,US100.cash,21366.15,21329.65,0,2025-01-29 19:01:18,21329.05,0,0,-596.63,-37.1,67
300,93223751,2025-01-29 10:00:32,sell,10,US30.cash,44791.96,45178.9,44079.06,2025-01-29 18:49:54,44805.04,0,0,-105.1,-13.08,31762
301,93140233,2025-01-28 20:06:07,sell,10,US100.cash,21397.45,21440.56,0,2025-01-28 20:23:12,21427.05,0,0,-238.23,-29.6,1025
302,93140035,2025-01-28 20:07:14,sell,10,US100.cash,21399.25,21424,0,2025-01-28 20:19:30,21424.25,0,0,-201.2,-25,736
303,93139970,2025-01-28 20:08:22,sell,20,US100.cash,21394.25,21417.08,0,2025-01-28 20:18:08,21417.05,0,0,-367.02,-22.8,586
304,93138974,2025-01-28 20:00:21,sell,10,US100.cash,21409.65,0,0,2025-01-28 20:05:28,21398.25,0,0,91.72,11.4,307
305,93138973,2025-01-28 19:50:22,sell,10,US100.cash,21415.15,21423.48,0,2025-01-28 20:05:28,21398.25,0,0,135.98,16.9,906
306,93138962,2025-01-28 18:09:33,buy,10,US100.cash,21399.75,21379.75,0,2025-01-28 20:05:15,21399.75,0,0,0,0,6942
307,93138959,2025-01-28 18:12:21,buy,10,US100.cash,21407.15,21388.77,0,2025-01-28 20:05:11,21397.85,0,0,-74.83,-9.3,6770
308,93138957,2025-01-28 18:13:41,buy,0.51,BTCUSD,102965.73,101965.73,0,2025-01-28 20:05:09,102026.57,0,0,-385.38,-939.16,6688
309,93138946,2025-01-28 18:09:24,buy,10,US30.cash,44839.14,44802.8,0,2025-01-28 20:05:07,44802.36,0,0,-295.91,-36.78,6943
310,93138941,2025-01-28 18:56:58,buy,5.2,US30.cash,44867.14,44800.52,0,2025-01-28 20:05:05,44804.86,0,0,-260.55,-62.28,4087
311,93138939,2025-01-28 19:30:03,buy,10,US100.cash,21424.55,21386.59,0,2025-01-28 20:05:02,21397.95,0,0,-214.01,-26.6,2099
312,93136964,2025-01-28 19:28:56,buy,0.52,BTCUSD,102935.03,102699.49,0,2025-01-28 19:35:30,102696.47,0,0,-99.73,-238.56,394
313,93135946,2025-01-28 19:16:11,buy,20,US100.cash,21449.05,21429.05,21519.05,2025-01-28 19:19:58,21451.95,0,0,46.66,2.9,227
314,93134756,2025-01-28 18:22:24,buy,10,US100.cash,21431.15,21389.67,0,2025-01-28 19:06:11,21429.15,0,0,-16.09,-2,2627
315,93133153,2025-01-28 18:14:27,buy,5.1,ETHUSD,3180.8,3160.8,0,2025-01-28 18:40:44,3159.83,0,0,-86,-20.97,1577
316,93132999,2025-01-28 18:25:38,buy,5.2,US30.cash,44831.74,44810.23,0,2025-01-28 18:38:16,44809.46,0,0,-93.19,-22.28,758
317,93132191,2025-01-28 18:21:26,buy,5.2,US30.cash,44846.24,44820.63,0,2025-01-28 18:23:52,44821.36,0,0,-104.07,-24.88,146
318,93131883,2025-01-28 18:18:04,buy,5.2,US30.cash,44853.24,44826.57,0,2025-01-28 18:20:09,44826.36,0,0,-112.47,-26.88,125
319,93131179,2025-01-28 16:17:23,sell,0.42,BTCUSD,103178.67,104017.28,99525.15,2025-01-28 18:10:28,102915.63,0,0,88.85,263.04,6785
320,93131094,2025-01-28 16:20:37,sell,5.2,US100.cash,21268.45192,21419.99,20996.04,2025-01-28 18:09:41,21401.15,0,0,-554.99,-132.7,6544
321,93131086,2025-01-28 17:57:15,sell,10,US100.cash,21334.05,21402.53,0,2025-01-28 18:09:39,21399.65,0,0,-527.62,-65.6,744
322,93131009,2025-01-28 16:22:59,sell,6.1,US100.cash,21279.8582,21397.45,20876.05,2025-01-28 18:09:17,21398.65,0,0,-582.84,-118.79,6378
323,93130951,2025-01-28 17:53:13,sell,10,US100.cash,21304.85,21390.4,0,2025-01-28 18:09:05,21390.85,0,0,-691.72,-86,952
324,93130731,2025-01-28 18:06:06,buy,10,US100.cash,21385.85,0,0,2025-01-28 18:06:56,21375.85,0,0,-80.45,-10,50
325,93130666,2025-01-28 17:51:56,sell,0.21,BTCUSD,102184.07,102684.07,0,2025-01-28 18:06:06,102690.03,0,0,-85.47,-505.96,850
326,93130516,2025-01-28 17:52:40,sell,5.1,ETHUSD,3142.09,3162.09,0,2025-01-28 18:05:07,3162.13,0,0,-82.22,-20.04,747
327,93129405,2025-01-28 17:52:09,sell,5.1,US30.cash,44734.26,44784.26,0,2025-01-28 17:53:50,44786.34,0,0,-213.77,-52.08,101
328,93129282,2025-01-28 17:51:28,sell,10,US100.cash,21285.25,21305.25,0,2025-01-28 17:53:03,21305.45,0,0,-162.54,-20.2,95
329,93128304,2025-01-28 17:42:30,sell,10,US100.cash,21263.25,21303.25,21163.25,2025-01-28 17:46:29,21303.45,0,0,-323.36,-40.2,239
330,93124272,2025-01-28 16:47:40,buy,2.1,US30.cash,44917.84,44834.74,45333.08,2025-01-28 17:15:27,44944.26,0,0,44.6,26.42,1667
331,93121498,2025-01-28 16:49:45,buy,5.1,US30.cash,44940.34,44856.98,45186.05,2025-01-28 16:56:33,44939.46,0,0,-3.61,-0.88,408
332,93120669,2025-01-28 16:29:55,sell,2.2,US30.cash,44848.90545,44949.55,44091.8,2025-01-28 16:51:19,44949.84,0,0,-178.52,-100.93,1284
333,93119963,2025-01-28 16:29:55,sell,2,US30.cash,44860.36,44949.55,44091.8,2025-01-28 16:46:21,44896.34,0,0,-57.85,-35.98,986
334,93116843,2025-01-28 16:05:57,sell,4.1,US30.cash,44784.8722,44875.36,44375.36,2025-01-28 16:28:24,44877.34,0,0,-304.83,-92.47,1347
335,93077921,2025-01-28 00:21:53,sell,3,US100.cash,21151.65,21278.74,20725.14,2025-01-28 11:03:58,21278.85,0,0,-306.56,-127.2,38525
336,93072740,2025-01-28 00:22:55,sell,2.1,US30.cash,44635.26,44753.35,44108.62,2025-01-28 10:04:14,44753.54,0,0,-199.75,-118.28,34879
337,93045589,2025-01-27 18:24:58,buy,5.1,US100.cash,21033.35,21103.21,21550.21,2025-01-27 22:25:44,21186.74,0,0,625.87,153.39,14446
338,93045448,2025-01-27 17:46:21,buy,0.5,BTCUSD,99302.238,101135.06,0,2025-01-27 22:22:19,101929.74,0,0,1051.2,2627.5,16558
339,93044346,2025-01-27 17:46:21,buy,0.5,BTCUSD,99871.83,97291.61,0,2025-01-27 21:59:24,101452.27,0,0,632.7,1580.44,15183
340,93044272,2025-01-27 17:46:21,buy,0.5,BTCUSD,99901.23,97291.61,0,2025-01-27 21:58:17,101636.87,0,0,694.79,1735.64,15116
341,93043982,2025-01-27 16:28:44,buy,3,US30.cash,44402.74,44320.35,44845.82,2025-01-27 21:53:49,44592.56,0,0,455.98,189.82,19505
342,93039575,2025-01-27 16:28:44,buy,2,US30.cash,44402.74,44320.35,44845.82,2025-01-27 20:36:47,44707.86,0,0,488.81,305.12,14883
343,93039409,2025-01-27 18:24:58,buy,5.1,US100.cash,21054.55,20954.55,0,2025-01-27 20:33:19,21101.35,0,0,191.17,46.8,7701
344,93039377,2025-01-27 16:28:44,buy,5,US30.cash,44402.74,44320.35,44845.82,2025-01-27 20:32:57,44690.86,0,0,1153.91,288.12,14653
345,93037479,2025-01-27 16:28:44,buy,3.1,US30.cash,44406.48194,44320.35,44845.82,2025-01-27 20:05:46,44575.26,0,0,419.34,168.78,13022
346,93031200,2025-01-27 16:28:44,buy,7.3,US30.cash,44391.20164,44320.35,44845.82,2025-01-27 18:38:53,44553.76,0,0,951.43,162.56,7809
347,93025571,2025-01-27 17:47:26,buy,15.1,US100.cash,21138.15,21098.15,0,2025-01-27 17:53:16,21094.05,0,0,-533.77,-44.1,350
348,93023734,2025-01-27 16:28:44,buy,8,US30.cash,44389.79,44239.18,0,2025-01-27 17:42:37,44354.96,0,0,-223.37,-34.83,4433
349,93023149,2025-01-27 17:10:22,buy,0.51,BTCUSD,100990.93,99990.93,0,2025-01-27 17:38:17,99984.81,0,0,-411.19,-1006.12,1675
350,93016296,2025-01-27 16:30:56,buy,10,US100.cash,21244.95,21163.17,0,2025-01-27 16:45:39,21252.55,0,0,60.92,7.6,883
351,93013446,2025-01-27 16:01:49,sell,10.2,US100.cash,21165.6,21227.42,0,2025-01-27 16:29:07,21230.15,0,0,-527.47,-64.55,1638
352,93012988,2025-01-27 16:24:42,buy,3.1,US30.cash,44376.94,44336.94,0,2025-01-27 16:26:57,44336.86,0,0,-99.53,-40.08,135
353,93011299,2025-01-27 09:27:16,buy,5.1,ETHUSD,3070.65,3020.65,0,2025-01-27 16:18:02,3115.42,0,0,182.89,44.77,24646
354,93009129,2025-01-27 15:43:57,buy,10.4,US30.cash,44315.04,44234.04,44516.56,2025-01-27 16:06:28,44294.86,0,0,-168.11,-20.18,1351
355,93008150,2025-01-27 15:39:07,buy,1.1,BTCUSD,101065.93,100428.26,104650.05,2025-01-27 16:03:26,101577.17,0,0,450.3,511.24,1459
356,93007580,2025-01-27 15:47:22,buy,5.1,US100.cash,21178.05,21128.05,0,2025-01-27 16:01:27,21171.65,0,0,-26.12,-6.4,845
357,93006132,2025-01-27 15:24:14,buy,1.22,BTCUSD,101200.86279,101700.86,103269.6,2025-01-27 15:56:14,101792.97,0,0,577.98,592.11,1920
358,93003301,2025-01-27 15:36:32,buy,10.1,US100.cash,21124.45,21053.62,0,2025-01-27 15:46:16,21137.25,0,0,103.4,12.8,584
359,92999744,2025-01-27 15:32:52,buy,1.1,BTCUSD,101241.63,100741.63,0,2025-01-27 15:34:57,100725.37,0,0,-454.04,-516.26,125
360,92999196,2025-01-27 15:32:02,buy,10.1,US100.cash,21121.75,21101.75,0,2025-01-27 15:33:01,21101.15,0,0,-166.35,-20.6,59
361,92994758,2025-01-27 15:02:07,buy,0.32,BTCUSD,100504.03,100251.07,0,2025-01-27 15:06:18,100250.9,0,0,-64.79,-253.13,251
362,92993328,2025-01-27 14:33:28,buy,0.32,BTCUSD,101076.4,100095.83,0,2025-01-27 14:53:20,100088.49,0,0,-252.7,-987.91,1192
363,92991931,2025-01-27 13:01:00,buy,10.1,US100.cash,20913.25,20843.96,21459.9,2025-01-27 14:43:10,20994.45,0,0,655.51,81.2,6130
364,92991744,2025-01-27 09:12:52,buy,0.82,BTCUSD,99895.77024,99230.75,104553.24,2025-01-27 14:42:35,100717.87,0,0,538.95,822.1,19783
365,92989315,2025-01-27 12:04:58,buy,10.1,US100.cash,20785.45,20706.62,21532.47,2025-01-27 14:24:16,21003.15,0,0,1758.27,217.7,8358
366,92989282,2025-01-27 13:39:30,buy,1,BTCUSD,99650.646,99041.07,103129.32,2025-01-27 14:23:52,101040.77,0,0,1111.57,1390.12,2662
367,92987906,2025-01-27 12:00:09,buy,10.1,US100.cash,20755.45,20715.45,21412.35,2025-01-27 14:14:23,21014.95,0,0,2095.07,259.5,8054
368,92987847,2025-01-27 09:12:52,buy,0.2,BTCUSD,99039.53,99230.75,104553.24,2025-01-27 14:13:41,101219.87,0,0,348.55,2180.34,18049
369,92987809,2025-01-27 13:39:30,buy,0.28,BTCUSD,99363.83,99041.07,103129.32,2025-01-27 14:13:30,101268.07,0,0,426.17,1904.24,2040
370,92987780,2025-01-27 12:04:32,buy,1.1,BTCUSD,98779.33,98609.87,104974.29,2025-01-27 14:13:17,101167.47,0,0,2099.51,2388.14,7725
371,92968843,2025-01-27 11:06:44,buy,10.1,US100.cash,21005.45,20966.79,0,2025-01-27 11:15:58,20965.05,0,0,-326.62,-40.4,554
372,92967042,2025-01-27 09:25:30,buy,5.1,US100.cash,21102.25,21002.25,0,2025-01-27 11:02:59,21002.15,0,0,-408.7,-100.1,5849
373,92963351,2025-01-27 10:25:12,buy,10.1,US100.cash,21103.45,21063.45,0,2025-01-27 10:30:11,21063.45,0,0,-324.08,-40,299
374,92956298,2025-01-27 09:26:17,buy,0.51,BTCUSD,99294.93,98794.93,0,2025-01-27 09:34:49,98789.43,0,0,-207.1,-505.5,512
375,92953992,2025-01-27 09:12:34,buy,5.1,US100.cash,21133.65,21083.65,21533.65,2025-01-27 09:16:40,21082.55,0,0,-209.41,-51.1,246
376,92947315,2025-01-27 06:28:49,buy,3.1,US100.cash,21319.95,21219.95,21598.74,2025-01-27 08:15:12,21219.15,0,0,-251.06,-100.8,6383
377,92945671,2025-01-27 06:41:26,buy,0.51,BTCUSD,100019.43,98752.63,0,2025-01-27 07:46:41,98751.17,0,0,-519.42,-1268.26,3915
378,92945130,2025-01-27 02:54:56,buy,2.1,US100.cash,21393.05,21238.91,21559.46,2025-01-27 07:37:50,21239.65,0,0,-258.58,-153.4,16974
379,92945031,2025-01-27 02:14:06,buy,0.31,BTCUSD,101278.33,99278.33,104989.83,2025-01-27 07:37:32,99321.37,0,0,-486.99,-1956.96,19406
380,92944096,2025-01-27 06:13:59,buy,3.2,ETHUSD,3149.44,3099.44,0,2025-01-27 07:20:32,3099.31,0,0,-128.77,-50.13,3993
381,92933216,2025-01-27 01:12:54,sell,0.21,BTCUSD,103030.97,104030.97,101530.97,2025-01-27 02:07:44,101530.81,0,0,252.79,1500.16,3290
382,92932864,2025-01-27 00:48:29,buy,5.1,US100.cash,21532.25,21432.25,21732.25,2025-01-27 02:00:57,21430.45,0,0,-416.76,-101.8,4348
383,92913653,2025-01-24 09:39:22,sell,5.1,ETHUSD,3371.18647,3455,3282.45,2025-01-24 21:35:26,3333.66,0,0,153.35,37.53,42964
384,92913654,2025-01-24 19:17:46,sell,0.4,BTCUSD,106868.47,107091.59,103043.65,2025-01-24 21:35:26,104960.33,0,0,611.57,1908.14,8260
385,92913068,2025-01-24 21:02:50,buy,5.1,US100.cash,21743.25,21703.25,21843.25,2025-01-24 21:21:41,21733.75,0,0,-38.81,-9.5,1131
386,92911920,2025-01-24 18:55:24,sell,5,US100.cash,21814.35,21756.7,21559.91,2025-01-24 20:51:33,21751.05,0,0,253.55,63.3,6969
387,92909320,2025-01-24 18:55:24,sell,5,US100.cash,21814.35,21844.39,21559.91,2025-01-24 20:00:57,21741.65,0,0,291.22,72.7,3933
388,92904498,2025-01-24 15:52:15,sell,0.41,BTCUSD,105728.75537,106883.7,0,2025-01-24 19:04:23,106895.83,0,0,-383.24,-1167.07,11528
389,92903318,2025-01-24 15:44:15,buy,10,US100.cash,21892.99,21812.15,22113.2,2025-01-24 18:54:10,21812.65,0,0,-643.14,-80.34,11395
390,92899959,2025-01-24 09:39:22,sell,3.1,ETHUSD,3405,3455,3282.45,2025-01-24 18:13:36,3384.17,0,0,51.67,20.83,30854
391,92893428,2025-01-24 16:59:24,sell,5.1,US30.cash,44437.86,44497.86,0,2025-01-24 17:13:31,44498.04,0,0,-245.75,-60.18,847
392,92888100,2025-01-24 15:45:42,buy,5,US100.cash,21914.89,21843.33,0,2025-01-24 16:39:16,21842.35,0,0,-291,-72.54,3214
393,92882357,2025-01-24 13:05:50,sell,4.1,US30.cash,44449.17707,44580.92,44254.76,2025-01-24 16:09:20,44439.74,0,0,31.05,9.44,11010
394,92876266,2025-01-24 09:40:05,sell,0.31,BTCUSD,105143.8829,106307.27,103056.6,2025-01-24 15:45:00,106316.03,0,0,-291.78,-1172.15,21895
395,92834326,2025-01-24 06:11:29,sell,3.1,ETHUSD,3361.23,3419.12,0,2025-01-24 07:00:52,3419.52,0,0,-145.74,-58.29,2963
396,92819570,2025-01-23 21:31:32,buy,8.2,US100.cash,21825.15,21805.15,21897.23,2025-01-23 21:59:59,21897.55,0,0,480.55,72.4,1707
397,92815149,2025-01-23 19:15:07,buy,5.2,US100.cash,21811.85,21751.53,21936.15,2025-01-23 21:05:27,21805.05,0,0,-28.61,-6.8,6620
398,92815128,2025-01-23 20:17:12,buy,5,US100.cash,21781.15,21766.61,0,2025-01-23 21:05:04,21803.85,0,0,91.84,22.7,2872
399,92812440,2025-01-23 19:32:23,buy,5.2,US100.cash,21824.16538,21782.94,22016.55,2025-01-23 20:12:56,21782.75,0,0,-174.25,-41.42,2433
400,92812333,2025-01-23 19:18:41,sell,3.1,US30.cash,44524.26,44624.26,44324.26,2025-01-23 20:10:34,44481.14,0,0,108.17,43.12,3113
401,92801070,2025-01-23 17:22:47,buy,3,US30.cash,44382.64,44343.22,44527.86,2025-01-23 17:51:35,44411.76,0,0,70.78,29.12,1728
402,92800300,2025-01-23 17:32:56,buy,5,US30.cash,44390.64,44363.36,44476.01,2025-01-23 17:46:53,44414.16,0,0,95.18,23.52,837
403,92798353,2025-01-23 16:33:12,buy,5,ETHUSD,3243.64,3203.64,3443.64,2025-01-23 17:37:07,3266.19,0,0,91.31,22.55,3835
404,92794419,2025-01-23 16:20:49,buy,0.4,BTCUSD,105215.105,104547.2,107633.2,2025-01-23 17:16:31,106634.07,0,0,460.49,1418.97,3342
405,92791561,2025-01-23 15:44:44,buy,3.1,US30.cash,44275.54,44212.79,44913.92,2025-01-23 17:08:02,44335.76,0,0,151.49,60.22,4998
406,92791526,2025-01-23 16:36:15,buy,3.1,US100.cash,21781.55,21747.4,0,2025-01-23 17:07:51,21784.55,0,0,7.55,3,1896
407,92790154,2025-01-23 15:44:44,buy,2,US30.cash,44275.54,44212.79,44913.92,2025-01-23 16:58:01,44316.26,0,0,66.1,40.72,4397
408,92788471,2025-01-23 16:20:49,buy,0.3,BTCUSD,103879.43,102530.82,108879.43,2025-01-23 16:45:55,105155.17,0,0,310.55,1275.74,1506
409,92788386,2025-01-23 16:36:15,buy,6.9,US100.cash,21781.55,21747.4,0,2025-01-23 16:45:26,21779.95,0,0,-8.96,-1.6,551
410,92788300,2025-01-23 15:44:44,buy,7.3,US30.cash,44251.97151,44187.23,44688.98,2025-01-23 16:45:08,44292.76,0,0,241.65,40.79,3624
411,92785289,2025-01-23 16:15:31,buy,10,US100.cash,21760.25,21716.48,22055.8,2025-01-23 16:26:40,21741.65,0,0,-151.01,-18.6,669
412,92783966,2025-01-23 16:14:37,buy,0.4,BTCUSD,103426.73,101032.28,0,2025-01-23 16:20:31,102879.19,0,0,-177.79,-547.54,354
413,92781910,2025-01-23 15:48:59,buy,5,ETHUSD,3287.07,3240.9,0,2025-01-23 16:08:04,3239.84,0,0,-191.68,-47.23,1145
414,92781842,2025-01-23 14:43:16,buy,7.1,ETHUSD,3235.61099,3192.18,0,2025-01-23 16:08:00,3248.28,0,0,73.01,12.67,5084
415,92781556,2025-01-23 15:48:59,buy,15,ETHUSD,3287.07,3240.9,0,2025-01-23 16:07:06,3274.86,0,0,-148.67,-12.21,1087
416,92781540,2025-01-23 15:58:39,buy,0.4,BTCUSD,104857.13,103540.88,0,2025-01-23 16:07:00,105275.97,0,0,136,418.84,501
417,92780074,2025-01-23 15:57:03,buy,10,US100.cash,21738.85,21696.41,0,2025-01-23 16:01:14,21744.85,0,0,48.67,6,251
418,92778067,2025-01-23 15:45:39,buy,0.5,BTCUSD,105188.03,104688.03,107188.03,2025-01-23 15:51:20,105457.47,0,0,109.26,269.44,341
419,92777909,2025-01-23 14:43:39,buy,0.41,BTCUSD,102267.44463,101909.21,108767.67,2025-01-23 15:50:57,105693.6,0,0,1139.52,3426.16,4038
420,92777544,2025-01-23 15:44:25,buy,8.2,US100.cash,21763.75,21723.75,0,2025-01-23 15:49:10,21766.25,0,0,16.63,2.5,285
421,92775854,2025-01-23 14:43:39,buy,0.2,BTCUSD,102111.03,101909.21,108767.67,2025-01-23 15:42:05,104673.57,0,0,416.03,2562.54,3506
